id,jurisdiction,question,must_include,trap,authorities,answer,D1_accuracy,D2_jurisdiction,D3_completeness,D4_authority,D5_scope,critical_failure,rationale
ETH-02,US - state bar rules,May a lawyer put confidential client documents into a third-party generative AI tool?,"- Model Rule 1.6(c) requires reasonable efforts to prevent unauthorized disclosure; Rule 1.1 Comment 8 imposes a duty of technology competence
- ABA Formal Opinion 512 (2024) addresses generative AI specifically and is the central reference
- Whether client-informed consent is required turns on the tool's terms - in particular whether inputs are used for training or accessible to the provider's personnel - and self-learning tools raise a higher bar
- Related duties: Rule 5.1/5.3 supervision of the tool and of staff using it, Rule 1.5 on billing for time saved by AI, and the duty of candour to the tribunal under Rule 3.3
- Verification of outputs is required; courts have sanctioned lawyers for filing fabricated citations
- State bars have issued their own opinions (California, Florida, New York and others) that are not uniform","Answering with a flat prohibition, or a flat permission with no consent or verification analysis.","ABA Model Rules 1.1 cmt. 8, 1.6(c), 3.3, 5.3; ABA Formal Opinion 512 (July 2024); State Bar of California Practical Guidance on Generative AI (2023)",Prohibited without informed consent. Uploading to third-party AI risks disclosure and violates duty of confidentiality under Model Rule 1.6. Client must consent recognizing risks. Use lawyer-only AI services or in-house systems.,,,,,,,
COR-02,US - Delaware,"When do Revlon duties apply, and what does it actually change for a board considering a sale?","- Enhanced scrutiny attaches where there is a change of control - an all-cash deal or a sale to a controller - not to every merger
- Stock-for-stock mergers of widely held companies generally do not trigger it (Time/Paramount line)
- Revlon is not a duty to run an auction; it is a duty to seek the best value reasonably available in the circumstances
- Corwin v. KKR: a fully informed, uncoerced vote of disinterested stockholders restores business-judgment review, which has made post-closing damages claims very hard
- Revlon most often matters now at the injunction stage and in controller deals, where Corwin cleansing is unavailable","Presenting Revlon as an absolute duty to auction the company, or omitting Corwin.","Revlon v. MacAndrews & Forbes, 506 A.2d 173 (Del. 1986); Paramount v. Time, 571 A.2d 1140 (Del. 1990); Corwin v. KKR Financial Holdings, 125 A.3d 304 (Del. 2015)",Revlon duties apply when a board initiates an active sale or faces loss of control. They require maximizing shareholder value through auction/market check and serious fiduciary deliberation. Key change: sales shift from free negotiation to a defined process with heightened scrutiny.,,,,,,,
IPR-04,US - federal + California,A senior engineer is leaving for a direct competitor in California. Can we stop him on an inevitable disclosure theory?,"- California rejects the inevitable disclosure doctrine; it will not enjoin employment on the theory that disclosure is inevitable
- The doctrine is accepted in some states (the PepsiCo v. Redmond line in Illinois) and rejected or narrowed in others, so the answer is state-specific
- What is available in California: DTSA and CUTSA claims on evidence of actual or threatened misappropriation, forensic evidence of downloading, and injunctive relief tied to the trade secrets rather than the employment
- Reasonable measures to maintain secrecy are an element - access controls, marking, exit interviews, and the DTSA whistleblower notice in agreements
- DTSA ex parte seizure exists but is extraordinary and rarely granted
- A California non-compete is void and attempting to enforce one now carries its own liability",Recommending an inevitable-disclosure injunction in California.,"18 U.S.C. 1836 (DTSA); Cal. Civ. Code 3426 et seq. (CUTSA); Whyte v. Schlage Lock, 101 Cal. App. 4th 1443 (2002); PepsiCo v. Redmond, 54 F.3d 1262 (7th Cir. 1995)",No. California prohibits non-competes and rejects inevitable disclosure doctrine. You can't enjoin an engineer from working for a competitor unless you prove actual threatened misappropriation—not speculation. California's anti-restraint policy bars this remedy.,,,,,,,
PRV-01,EU - GDPR,"What must a GDPR data processing agreement contain, and is signing the EU standard contractual clauses sufficient on its own for a US vendor?","- Article 28(3) prescribes mandatory contents: subject matter, duration, nature and purpose, types of personal data, categories of data subjects, and the controller's rights and obligations
- Required processor undertakings: process only on documented instructions, confidentiality of personnel, Article 32 security measures, sub-processor authorisation conditions, assistance with data-subject rights, assistance with Articles 32-36, deletion or return at the end, and making information available for audits
- The Article 28 DPA and the Chapter V transfer mechanism are two separate requirements; the SCCs contain Article 28 terms in some modules but the analysis is still separate
- Post-Schrems II a transfer impact assessment and supplementary measures are expected; the EU-US Data Privacy Framework is an alternative where the importer is certified
- Controller-to-controller versus controller-to-processor determines the correct SCC module",Answering that executing the SCCs alone satisfies every requirement.,GDPR Art. 28(3); GDPR Art. 32; GDPR Chapter V; Case C-311/18 (Schrems II); Commission Implementing Decision (EU) 2021/914,"Under GDPR, a data processing agreement must specify: (1) subject matter and duration, (2) nature and purpose of processing, (3) types of personal data, (4) categories of data subjects, (5) obligations and rights of the controller. It must also address: (6) sub-processor arrangements, (7) confidentiality protections, (8) security measures, (9) data subject rights assistance, (10) controller obligation assistance, (11) data deletion or return, (12) authority cooperation, and (13) audit rights. The EU Standard Contractual Clauses establish a lawful basis for data transfers if properly implemented but are not sufficient alone. The DPA plus SCCs together address operational governance and transfer legality. Additional measures may apply depending on your specific processing. Engage GDPR counsel to ensure the DPA fully implements all GDPR requirements and properly incorporates the SCCs.",,,,,,,
CON-01,US - UCC Art. 2 (general),"Our client (a merchant) sent a purchase order for 10,000 units. The seller, also a merchant, responded with an order acknowledgment on its own form that added a binding arbitration clause. Nobody objected; the goods shipped and were accepted. Is the arbitration clause part of the contract?","- UCC 2-207 governs, not the common-law mirror-image rule
- Between merchants, additional terms become part of the contract unless they materially alter it, the offer expressly limits acceptance to its terms, or notice of objection is given (2-207(2))
- Whether an arbitration clause is a 'material alteration' is genuinely split across jurisdictions - it is not a settled yes or no
- If the writings do not form a contract, 2-207(3) supplies terms on which the writings agree plus UCC gap-fillers","Answering with a confident yes or no, or applying the common-law mirror-image / last-shot rule.",UCC 2-207; UCC 2-207(2)(b); UCC 2-207(3),"Under UCC Article 2's ""battle of the forms"" provision (§ 2-207), when both parties are merchants, additional terms in an acceptance may become part of the contract unless they materially alter the deal. An arbitration clause is generally deemed a material alteration. However, given that goods were shipped and accepted without documented objection to the clause, a court may find the arbitration clause binding through course of performance and course of dealing. Most courts hold that silence plus acceptance evidences implied assent. The critical factors are: whether the buyer had reasonable notice of the clause, whether there was any manifestation of rejection, and the jurisdiction's interpretation of materiality. Your strongest argument is that acceptance of goods despite notice of the clause constitutes assent to its inclusion in the contract.",,,,,,,
CON-05,US - New York,"Our force majeure clause lists 'acts of God, war, terrorism, and government orders' but does not mention epidemics or pandemics. A state health order shut our client's venue. Can they invoke force majeure under New York law?","- New York construes force majeure clauses narrowly and generally limits them to the events specifically enumerated
- A catch-all is usually read ejusdem generis - restricted to events of the same kind as those listed
- 'Government orders' is the strongest hook here: the operative event may be the shutdown order rather than the pandemic itself
- Causation and non-performance requirements: the event must actually prevent, not merely make less profitable
- Alternatives if the clause fails: impossibility and frustration of purpose, both narrow in New York","Assuming a pandemic is automatically covered, or reciting the more permissive approach of other jurisdictions as New York law.","Kel Kim Corp. v. Central Markets, 70 N.Y.2d 900 (1987); ejusdem generis canon","Under New York law, force majeure clauses are construed narrowly and typically excuse performance only for events specifically listed or clearly contemplated. Since your clause lists ""acts of God, war, terrorism, and government orders"" but omits pandemics, a court would likely hold it inapplicable to the health order closure. While ""acts of God"" sometimes receives broad interpretation, New York courts limit this to truly unforeseeable natural events, and COVID-related closures are now foreseeable. You might argue the health order qualifies as a ""government order,"" but this argument is weak given the clause's specific enumeration. The preferable approach is seeking contractual amendment or reformation with the counterparty rather than litigating force majeure applicability.",,,,,,,
IPR-02,US - federal,We filed an intent-to-use trademark application eight months ago and got a notice of allowance. We have not launched yet. What happens now?,"- A statement of use is due within six months of the notice of allowance
- Extensions of time are available in six-month increments, up to a total of 36 months from the notice of allowance
- Each extension request requires a fee and a statement of continued bona fide intent, and later requests require a showing of ongoing efforts
- Missing the deadline causes the application to go abandoned; a petition to revive requires unintentional delay
- Registration does not issue until the statement of use is accepted; priority still dates back to the filing date
- Bona fide intent must be documentary and existed as of filing - a lack of it is a ground for opposition or cancellation",Stating an indefinite extension right or omitting the 36-month outer limit.,"15 U.S.C. 1051(b), (d); 37 C.F.R. 2.88, 2.89","You have six months from notice of allowance to file a statement of use showing commercial use. If you haven't launched, file an extension request now. One extension is grantable as of right; further extensions require showing good cause.",,,,,,,
CON-02,US - New York,"A New York-governed SaaS agreement says that any breach of the confidentiality section triggers a flat payment of $500,000. Is that enforceable?","- Characterize as liquidated damages vs. an unenforceable penalty
- New York test: damages must have been difficult to estimate at the time of contracting AND the amount a reasonable estimate of probable loss
- Measured as of contract formation, not with hindsight
- A single flat sum applied to breaches of widely differing severity is vulnerable as a penalty
- Burden is on the party challenging the clause under New York law","Saying it is enforceable simply because the parties agreed to it, or applying a pure hindsight 'actual damages' test.","Truck Rent-A-Center v. Puritan Farms 2nd, 41 N.Y.2d 420 (1977); Restatement (Second) of Contracts 356","Generally enforceable under NY law if it bears a reasonable relationship to anticipated harm. $500k may face scrutiny depending on contract value, but fixed damages clauses aren't per se unenforceable. Courts enforce them if not deemed a penalty for unforeseeable breaches.",,,,,,,
IPR-01,US - federal,We hired a freelance designer to create our logo and the invoice says 'work made for hire.' Do we own the copyright?,"- For an independent contractor, work made for hire applies only if the work falls within one of the nine enumerated categories in 17 U.S.C. 101 AND there is a signed written agreement
- A logo generally does not fit any of the nine categories - it is not a contribution to a collective work, a compilation, an instructional text, and so on
- Without a valid WMFH, the contractor is the author and initial owner; the fix is an express written assignment
- A one-line note on an invoice may fail both the signature and the express-assignment requirements
- In California, characterizing a contractor as a work-made-for-hire author can create employment consequences under Labor Code 3351.5 and the Unemployment Insurance Code
- Trademark rights in the logo are separate from copyright and arise from use in commerce",Answering yes because the document says 'work made for hire.',"17 U.S.C. 101 (definition of work made for hire); 17 U.S.C. 201(b), 204(a); Cmty. for Creative Non-Violence v. Reid, 490 U.S. 730 (1989)","Not necessarily. Although the invoice references ""work made for hire,"" this language alone is insufficient under U.S. copyright law. A ""work made for hire"" requires either: (1) a written agreement signed by the creator before or at the time of creation, OR (2) work falling within specific categories (e.g., employee works in scope of employment). An invoice signed after creation is typically ineffective to establish work-made-for-hire status. The correct approach is a separate written copyright assignment. To secure ownership, obtain a written work-made-for-hire agreement or copyright assignment before the designer begins work. If the current document is insufficient, consider a retroactive written assignment. Without proper documentation, you may hold only a license, not ownership of the copyright.",,,,,,,
PRV-03,US - federal,Our wellness app collects heart-rate and symptom data directly from consumers. Are we a HIPAA business associate?,"- HIPAA applies to covered entities - health plans, clearinghouses, and providers who transmit standard transactions - and to business associates acting on their behalf
- A direct-to-consumer app with no covered-entity relationship is generally outside HIPAA
- Other regimes fill the gap: FTC Act Section 5, the FTC Health Breach Notification Rule for non-HIPAA health apps, and state law including the Washington My Health My Data Act and Nevada SB 370
- State consumer privacy laws treat health data as sensitive personal information requiring consent or an opt-out
- The analysis flips if the app is offered through a provider or plan, in which case a BAA is required",Concluding that any app handling health information is automatically subject to HIPAA.,45 C.F.R. 160.103; 16 C.F.R. Part 318 (Health Breach Notification Rule); Wash. Rev. Code ch. 19.373 (My Health My Data Act),"Generally, no. HIPAA's Business Associate Rule defines a Business Associate as an entity that creates, receives, or transmits Protected Health Information (PHI) AND provides a service to a covered entity. A wellness app selling directly to consumers (not to healthcare providers or insurers) is not a Business Associate under HIPAA. However, this analysis depends on your app's structure: if integrated with healthcare providers or if data is considered PHI by healthcare entities, the analysis changes. Many states impose privacy laws and health-data obligations on consumer apps regardless of HIPAA. Consider compliance with HIPAA as best practice and review applicable state consumer health privacy laws, which often impose stricter requirements than HIPAA.",,,,,,,
CON-08,England & Wales,"Is an English-law agreement enforceable if one side gives no consideration, provided the document is executed as a deed?","- Yes - under English law a deed is binding without consideration
- Execution formalities matter: the instrument must be clear on its face that it is a deed, and be signed, witnessed and delivered per the Law of Property (Miscellaneous Provisions) Act 1989 for individuals, or the Companies Act 2006 for companies
- Limitation period for a deed is 12 years, versus 6 for a simple contract
- This is a point of divergence from US common law, where consideration is generally still required","Importing the US rule that consideration is always required, or treating 'deed' as a mere formality with no substantive effect.",Law of Property (Miscellaneous Provisions) Act 1989 s.1; Companies Act 2006 s.44; Limitation Act 1980 s.8,"Yes. Under English law, a deed requires no consideration. Execution as a deed creates binding force solely through formality—delivery and intent—without consideration. That's the entire point.",,,,,,,
ETH-01,US - state bar rules,Can a technology company that is not owned by lawyers offer an AI product that answers legal questions for consumers?,"- Unauthorized practice of law is defined by state, not federal, law and definitions vary widely
- Model Rule 5.5 restricts practising law in a jurisdiction where not admitted and assisting others in doing so; Model Rule 5.4 restricts fee sharing and non-lawyer ownership of law firms
- Arizona eliminated Rule 5.4 and permits Alternative Business Structures; Utah ran a regulatory sandbox - these are the recognized exceptions
- Providing legal information versus applying law to a specific person's facts is the practical dividing line most regulators use, though it is imprecise
- Disclaimers help but are not dispositive; enforcement history includes actions against self-help legal software
- Adjacent exposure: consumer protection statutes and advertising rules","Giving a flat yes or no, or treating UPL as a single national standard.","ABA Model Rules 5.4, 5.5; Ariz. Sup. Ct. R. 31.1 and ABS program; Utah Supreme Court Standing Order No. 15","This involves complex unauthorized-practice-of-law considerations. Non-lawyers can provide legal information without violating UPL, but cannot provide legal advice, represent clients, or create custom analysis tailored to specific situations. An AI product answering general legal questions may be permissible if it: (1) disclaims it is not legal advice, (2) does not provide situation-specific advice, (3) does not create attorney-client relationships, and (4) does not charge for legal services (which triggers stricter regulation). State bar associations increasingly scrutinize AI legal products. The safest approach: obtain regulatory guidance from relevant state bars, include strong disclaimers, consult counsel in key jurisdictions, and obtain professional liability insurance. The FTC and state AGs may investigate consumer protection issues; proactive compliance is essential.",,,,,,,
CON-04,US - general,A customer wants a most-favored-nation clause: 'Vendor will not offer the Services to any other customer at a lower price.' What are the practical problems with that language?,"- Undefined comparator: which customers, which products, which volume tiers, which term lengths
- No mechanism: no audit right, no notice obligation, no retroactive true-up or credit
- 'Price' alone ignores total economics - discounts, credits, bundled services, support levels
- Antitrust exposure where the buyer has market power or the clause is industry-wide
- Remedy is unspecified, so breach yields uncertain damages",Treating MFN enforceability as a single legal rule rather than a drafting and mechanics problem.,Sherman Act 1 (in market-power contexts),"The clause lacks a baseline price and comparison period—it doesn't specify whether volume discounts, service tiers, or time-limited promotions violate it. Practical problem: vendor can't offer any discount without potential breach. Scope creep in disputes and indefiniteness risk.",,,,,,,
COR-03,US - Delaware,Do our client's stockholders have appraisal rights in a cash-out merger of a NYSE-listed Delaware corporation?,"- DGCL 262 provides appraisal, subject to the market-out exception
- Market-out: no appraisal for shares listed on a national securities exchange or held of record by more than 2,000 holders
- Exception to the exception: appraisal is restored if stockholders are required to accept anything other than stock of the surviving corporation, cash in lieu of fractional shares, or other listed stock - so a cash-out merger of listed shares DOES carry appraisal rights
- Statutory perfection steps: written demand before the vote, no vote in favor, continuous holding
- 262(g) de minimis conditions limit appraisal in listed-company deals below share-count and value thresholds",Stopping at the market-out exception and concluding there are no appraisal rights in a listed-company cash deal.,8 Del. C. 262(b); 8 Del. C. 262(b)(2); 8 Del. C. 262(g),"Under Delaware General Corporation Law § 262, stockholders have appraisal rights in mergers, and these rights generally apply to NYSE-listed corporations. However, Delaware courts have held that if the merger price reflects fair value—as evidenced by arm's-length negotiations, market check processes, or established market valuations—courts will not award appraisal relief exceeding the merger consideration. The availability of appraisal rights exists in theory, but recovery depends on proving the price was below fair value. If the buyer obtained the company at fair value through proper process, appraisal claims provide no relief. The key issue is whether fair value was achieved; if not, appraisal can be valuable.",,,,,,,
LIT-01,US - federal,Opposing counsel says our document requests are overbroad. What is the current standard for the scope of discovery in federal court?,"- Rule 26(b)(1) as amended in 2015: nonprivileged matter relevant to any party's claim or defense AND proportional to the needs of the case
- The six proportionality factors: importance of the issues, amount in controversy, parties' relative access to information, parties' resources, importance of the discovery in resolving the issues, and whether the burden outweighs the likely benefit
- The phrase 'reasonably calculated to lead to the discovery of admissible evidence' was deleted in 2015 and is no longer the test
- Relevance to the 'subject matter' now requires good cause and a court order
- Information need not be admissible to be discoverable",Quoting 'reasonably calculated to lead to the discovery of admissible evidence' as the governing standard.,Fed. R. Civ. P. 26(b)(1); 2015 Advisory Committee Notes,"Under Federal Rules of Civil Procedure Rule 26(b)(1), the scope of discovery is broad: parties may obtain any non-privileged matter relevant to a claim or defense. The standard is relevance, not admissibility. However, courts may limit discovery if it is ""unreasonably cumulative,"" ""burdensome,"" or ""disproportionate to the needs of the case"" (Rule 26(b)). The proportionality analysis considers: (1) the importance of issues, (2) amount in controversy, (3) the parties' access to information, (4) the parties' resources, and (5) the burden and expense. Overbreadth typically refers to requests for information unrelated to any claim or defense, voluminous requests, or requiring disproportionate effort. The moving party must demonstrate disproportionate burden; courts are reluctant to find requests overbroad under current standards.",,,,,,,
PRV-04,EU + US - multi,"We confirmed a breach affecting users in Germany, California and Texas. What are our notification deadlines?","- GDPR Article 33: notify the competent supervisory authority without undue delay and where feasible within 72 hours of becoming aware, unless unlikely to result in a risk; Article 34 requires notice to data subjects without undue delay where there is a high risk
- The 72-hour clock is an EU rule and does not apply to the US notifications
- US notification is state by state; California requires notice in the most expedient time possible and without unreasonable delay, with content requirements and Attorney General submission above 500 affected California residents
- Texas requires notice without unreasonable delay and not later than a fixed number of days after determination, plus notification to the Texas Attorney General above a threshold - the specific day counts have been amended and should be checked against the current statute
- Contractual notice obligations to controllers or customers usually run on shorter clocks than statute
- Sectoral overlays may apply on top - HIPAA, GLBA, SEC disclosure",Applying the GDPR 72-hour deadline to the US state notifications.,"GDPR Art. 33, Art. 34; Cal. Civ. Code 1798.29, 1798.82; Tex. Bus. & Com. Code 521.053",Germany (GDPR): 72 hours to regulators. California: without unreasonable delay (typically 30 days). Texas: without unreasonable delay. Comply with GDPR's strictest 72-hour timeline for all jurisdictions simultaneously.,,,,,,,
REA-01,US - general,Our commercial lease says landlord consent to assignment will not be unreasonably withheld. Tenant wants to assign to a startup with weaker financials. Can the landlord say no?,"- Reasonableness is judged on objective commercial criteria, most commonly the proposed assignee's financial strength, business reputation, and intended use versus the permitted use
- Landlord may not withhold consent for reasons personal to the landlord or to extract a rent increase not provided for in the lease
- Weaker financials are typically a legitimate ground, but the landlord should document the analysis and respond within any contractual response period
- Silence past a stated response deadline can be deemed consent if the lease so provides
- States differ on the default where the lease is silent: some imply a reasonableness standard, others allow arbitrary refusal
- Tenant usually remains liable after assignment absent an express release; a sublease leaves privity of contract intact","Answering that the landlord has absolute discretion, or that consent can never be refused.","Kendall v. Ernest Pestana, 40 Cal. 3d 488 (1985); Restatement (Second) of Property, Landlord & Tenant 15.2","No, not automatically. A covenant that landlord consent ""will not be unreasonably withheld"" requires the landlord to exercise judgment reasonably but permits consideration of financial capability, creditworthiness, use suitability, and lease compliance. A startup with weaker financials is a legitimate basis for withholding consent, as the landlord has reasonable concern about non-payment. The tenant must show the landlord's stated reason is pretextual or that refusal was arbitrary or motivated by improper purpose (e.g., extracting higher fees). To challenge the refusal, the tenant needs evidence of improper motivation. Providing financial guarantees, parent-company guarantees, or increased security deposits strengthens the tenant's position. Renegotiating upfront or seeking landlord consent in writing is advisable.",,,,,,,
PRV-02,US - California,"We send hashed emails to an ad platform for audience matching. Is that a 'sale' under the CCPA as amended by the CPRA, and does a service provider contract fix it?","- CPRA created two separate concepts: 'sale' (for monetary or other valuable consideration) and 'share' (cross-context behavioral advertising), and both trigger the opt-out
- Audience matching for targeted advertising is squarely within 'share' even if no money changes hands
- Hashed identifiers are still personal information where they can be linked to a consumer
- The service provider / contractor exception requires contract terms prescribed by 1798.100(d) and 1798.140, and crucially the recipient must not use the data for its own purposes or combine it with other data except as permitted
- Where the platform uses the data to improve its own models or cross-customer graph, the service provider exception typically fails
- Consequences: 'Do Not Sell or Share My Personal Information' link, opt-out preference signal handling, and notice at collection","Concluding it is not a sale because no money changed hands, and stopping there.","Cal. Civ. Code 1798.140(ad) (sale), 1798.140(ah) (share); Cal. Civ. Code 1798.100(d); Cal. Civ. Code 1798.120; CCPA Regulations","Yes, it's a 'sale' under CPRA—sharing for valuable consideration is a sale even if hashed. Service provider contract doesn't fix this; the ad platform isn't your service provider because it uses the data for its own benefit. Obtain opt-in consent or certified QDE status.",,,,,,,
EMP-05,US - federal + California,We are closing a California site and laying off 62 people out of a 240-person company. Do we need to give notice?,"- Federal WARN: 100+ employees; triggers at a plant closing affecting 50+ at a single site, or a mass layoff of 500+, or 50-499 if that is at least 33% of the active workforce at the site; 60 days notice
- On these facts federal WARN may be triggered by the plant-closing prong if it is a single-site closing affecting 50 or more
- California WARN (Lab. Code 1400 et seq.) is broader: covers covered establishments with 75 or more employees in the preceding 12 months and is triggered at 50 affected employees in a 30-day period with no percentage test
- California has no small-layoff exemption parallel to the federal 33% test, so state notice is very likely required here regardless
- Notice content and recipients are prescribed: employees, EDD, local workforce board, chief elected official
- Penalties: back pay and benefits for the violation period, plus civil penalties",Answering under federal WARN only and concluding no notice is required.,29 U.S.C. 2101-2109; Cal. Lab. Code 1400-1408,"Yes. California requires compliance with both the federal WARN Act and California's CIPA (California Integrated Plant Closure Act). Both require 60 days' written notice for mass layoffs affecting 50 or more employees at a single site. Your client is laying off 62 out of 240 employees, triggering both requirements. Failure to provide notice results in penalties of up to 60 days' backpay and benefits for each affected employee, plus potential attorney fees. Additionally, California requires final paychecks on the last day of employment, including all earned wages and accrued paid-time-off. Provide written notice immediately and ensure compliance with final pay requirements. This is a critical compliance issue with significant liability exposure.",,,,,,,
PRV-05,EU,We sell an AI legal-research assistant to law firms in the EU. How does the EU AI Act classify it and what do we have to do?,"- Classification turns on Annex III high-risk categories; Annex III point 8 covers AI intended to be used by a judicial authority or on its behalf in researching and interpreting facts and law
- A tool sold to private law firms is generally not administration-of-justice high risk on that basis alone, but the analysis must be done against the actual deployment
- Transparency obligations under Article 50 apply to systems interacting with natural persons and to generated content
- If the underlying model is a general-purpose AI model, separate GPAI provider obligations attach, with heavier duties for systemic-risk models
- Obligations phase in on different dates rather than all at once, and the applicable date must be checked against the current text
- Role matters: provider versus deployer versus distributor determines which obligations apply","Asserting a single blanket compliance date, or classifying it as high-risk without reference to Annex III.",Regulation (EU) 2024/1689; Annex III; Art. 50; Chapter V (GPAI),"Under the EU AI Act, an AI legal-research assistant is likely classified as ""high-risk"" (Annex III, Category 8: AI for law enforcement and justice). If the tool is primarily informational and does not make binding legal determinations, it may be classified lower. High-risk AI requires: (1) conformity assessments, (2) quality management systems, (3) training-data documentation, (4) human oversight, (5) audit logs, and (6) notified body review. Additionally, you must provide transparency disclosures that output is AI-generated. Law firms have professional responsibilities for legal advice, potentially creating hesitation to adopt unregulated AI tools. The safest approach: obtain regulatory guidance from EU counsel, mark outputs as AI-generated, and secure professional liability insurance. The AI Act's enforcement deadline is approaching; compliance is now urgent.",,,,,,,
COR-06,US - federal,Does our $110 million acquisition require an HSR filing?,"- HSR size-of-transaction and size-of-person thresholds are adjusted annually and published in the Federal Register
- A responsible answer states the framework and directs the reader to the current FTC threshold notice rather than asserting a fixed dollar figure as current law
- Framework: size-of-transaction test, size-of-person test above a lower band, and exemptions (for example ordinary-course, certain real estate, foreign-asset exemptions)
- Even if reportable, the analysis turns on what is being acquired - voting securities, non-corporate interests, or assets - and on aggregation with prior holdings
- Filing fee tiers are likewise adjusted annually",Asserting a specific current dollar threshold as settled fact without flagging that it changes annually.,15 U.S.C. 18a; 16 C.F.R. Parts 801-803; annual FTC threshold adjustment notice,"No. The HSR threshold is $111.4 million (2024). At $110 million, the deal is below threshold. No HSR filing required unless this involves partial interest aggregation or foreign commerce complications.",,,,,,,
CON-07,US - general,"What is the practical difference between an indemnity and a duty to defend, and why does it matter which one we negotiate?","- Indemnity is a payment obligation, typically triggered by loss or a final judgment or settlement
- Duty to defend is an obligation to fund and often control the defense from the outset, and is usually broader than the duty to indemnify
- Timing difference: defense costs are paid as incurred; indemnity may not pay until the matter resolves
- Control of the defense and settlement consent rights are the real negotiation points
- Many states require a duty to defend to be stated expressly; it is not automatically implied from an indemnity",Treating the two as synonyms.,standard indemnity/defense drafting practice,"An indemnity is a passive obligation to compensate the other party for losses incurred; a duty to defend is an active obligation to provide counsel and bear defense costs in real time. The distinction matters significantly. A duty to defend is broader and more valuable—it requires representation during litigation regardless of whether the claim ultimately falls within the indemnity's scope. Indemnitees strongly prefer duty-to-defend language because it shifts legal control to the indemnitor. In negotiation, push for indemnity-only language if representing the indemnitee, or insist on narrow duty-to-defend triggers if representing the indemnitor. This distinction also affects insurance coverage analysis, as policies often carve out duty-to-defend obligations. Precision in the contract language is essential to avoiding disputes with insurers.",,,,,,,
IPR-03,US - federal,Our client signed a confidential supply agreement to sell the invention 14 months before filing the patent application. Does the on-sale bar apply?,"- Post-AIA 102(a)(1) bars patenting where the invention was on sale before the effective filing date
- Helsinn v. Teva (2019) held that a sale is invalidating even if the details of the invention were kept confidential - a secret commercial sale still triggers the bar
- The Pfaff two-part test: subject of a commercial offer for sale AND ready for patenting
- The 102(b)(1) grace period is one year and runs from the inventor's own disclosure; at 14 months it has already expired
- Experimental use is a narrow exception and requires genuine experimentation, documented
- Foreign filings matter: most jurisdictions have absolute novelty with no grace period","Concluding that confidentiality defeats the on-sale bar, which was the pre-Helsinn intuition.","35 U.S.C. 102(a)(1), 102(b)(1); Helsinn Healthcare v. Teva, 586 U.S. 123 (2019); Pfaff v. Wells Electronics, 525 U.S. 55 (1998)","Yes, the on-sale bar likely applies and invalidates the patent. Under 35 U.S.C. § 102(b) (pre-AIA) and current § 102(a)(1), a patent is invalid if the invention was patented, published, or placed on sale more than one year before filing. A confidential supply agreement to sell the invention constitutes ""on sale"" if it is a commercial sale or offer, even if confidential. The ""on-sale bar"" was triggered 14 months before filing, exceeding the one-year grace period. A narrow exception exists if the sale involved public disclosure by the inventor under the AIA, but a confidential supply agreement does not qualify. Filing before the 14-month mark would have avoided this issue. Your client likely cannot obtain a valid patent. Consider defensive publication or trade secret protection as alternatives.",,,,,,,
EMP-06,US - California + federal,"We engage software developers in California as 1099 contractors. They use our tools, work our hours, and only work for us. Is that defensible?","- California applies the ABC test codified by AB 5 for most wage-order and Labor Code purposes
- All three prongs must be met: (A) free from control, (B) work outside the usual course of the hiring entity's business, (C) customarily engaged in an independently established trade
- On these facts prong B is the likely failure for a software company engaging developers, and prong A is also doubtful
- Borello multifactor test still governs for some exempt categories and for certain statutes
- Federal analysis is separate - the DOL economic-realities test and the IRS common-law control test - and a worker can be a contractor for one and an employee for another
- Exposure: unpaid overtime, expense reimbursement under Labor Code 2802, payroll taxes, PAGA and class claims","Applying only the IRS control test, or blending the ABC and economic-realities tests as if they were one standard.","Cal. Lab. Code 2775 et seq. (AB 5); Dynamex Operations West v. Superior Court, 4 Cal. 5th 903 (2018); S.G. Borello & Sons v. DIR, 48 Cal. 3d 341 (1989)","This is likely misclassification. California's ABC test presumes employee status unless: (A) independent schedule, (B) work outside your business, (C) operates independently. These contractors fail all three. Reclassify or face wage-and-hour penalties.",,,,,,,
CON-03,US - multi-state,Our MSA has a mutual limitation of liability capped at 12 months of fees. The vendor suffered a security incident caused by its failure to encrypt data as the security exhibit required. Does the cap limit our recovery?,"- Answer is clause-dependent: must read the carve-outs (data breach / confidentiality / indemnity / gross negligence) before answering
- Many MSAs carve data-security breaches out of the cap or apply a supercap; absence of a carve-out generally means the cap applies
- Direct claims vs. indemnified third-party claims may be treated differently by the same cap
- Several states will not enforce a cap as to gross negligence or willful misconduct as a matter of public policy
- Consequential-damages waiver is a separate provision from the cap and must be analyzed separately",Giving a flat yes or no without conditioning on carve-outs.,Restatement (Second) of Contracts 195; state public-policy limits on exculpatory clauses,"This presents a significant issue. Generally, limitation of liability clauses apply to breach of contract claims, but courts may carve out exceptions when the breach involves egregious conduct, fraud, or violation of a specific contractual safety requirement central to the agreement. Given the vendor's failure to meet an express encryption obligation in the security exhibit, you have a strong argument that the cap is inapplicable. Many courts hold that fundamental breaches of core contractual duties (here, data security) fall outside limitation clauses. Additionally, you should argue gross negligence or willful misconduct exceptions if available in your jurisdiction. The vendor's failure to encrypt, when contractually required, goes to the heart of the security obligation and should not be shielded by a general liability cap.",,,,,,,
EMP-04,US - federal,An employee has asked to work remotely three days a week as an accommodation. We think the role needs to be on-site. What is our obligation?,"- The ADA requires an interactive process; refusing outright without engaging is itself a risk
- Employer may request supporting documentation of the limitation and the need, within limits
- Analysis turns on essential functions of the position, which should be documented and consistent with the actual job
- Employer need not grant the employee's preferred accommodation if an effective alternative exists
- Undue hardship is the employer's burden and is a high bar; generalized concerns are not enough
- State law may be broader - California FEHA in particular","Answering that the employer can simply deny because attendance is an essential function, without the interactive process.",42 U.S.C. 12112(b)(5); 29 C.F.R. 1630.2(o)(3),"You must engage in an interactive process. If the role's essential functions genuinely require on-site presence, you can deny it—but you must show why, not assume. If accommodation is feasible, denial risks liability.",,,,,,,
LIT-03,US - federal / constitutional,Our client is sued in Montana over a product it sold nationwide but not specifically into Montana; the particular unit was resold there by a third party. Can the court exercise specific personal jurisdiction?,"- Specific jurisdiction requires purposeful availment plus a claim that arises out of OR RELATES TO the defendant's forum contacts
- Ford Motor Co. v. Montana Eighth Judicial District Court (2021) held that a strict causal link is not required where the defendant systematically served the market in the forum for the same product
- Bristol-Myers Squibb remains the limit: nonresident plaintiffs with no forum connection cannot piggyback
- Analysis is claim-by-claim and defendant-by-defendant, and must also satisfy fair play and substantial justice
- General jurisdiction is a separate route, limited to the place of incorporation and principal place of business absent the exceptional case (Daimler)",Applying a but-for causation requirement and concluding there is no jurisdiction because the defendant did not sell that unit into the forum.,"Ford Motor Co. v. Montana Eighth Judicial Dist. Ct., 592 U.S. 351 (2021); Bristol-Myers Squibb v. Superior Court, 582 U.S. 255 (2017); Daimler AG v. Bauman, 571 U.S. 117 (2014)","This implicates specific personal jurisdiction under International Shoe Co. v. Washington. A court may exercise specific jurisdiction if: (1) the defendant has a substantial connection to the forum, (2) the claim arises from that connection, and (3) exercise is reasonable. Your client's position is weak: it sold nationwide but not to Montana; the unit reached Montana through third-party resale. Most courts hold this insufficient for specific jurisdiction because your client did not ""purposefully avail"" itself of Montana by directing sales there. The resale is a superseding act. Absent evidence that your client knew the product would reach Montana or directed it there, specific jurisdiction likely fails. General jurisdiction also fails absent physical presence in Montana. This is a solid motion-to-dismiss argument.",,,,,,,
LIT-02,US - federal,We already filed our answer but want to attack the complaint's sufficiency. What is our vehicle and what standard applies?,"- A Rule 12(b)(6) motion must be made before the responsive pleading; after answering, the vehicle is Rule 12(c) judgment on the pleadings
- Failure to state a claim is preserved and not waived under Rule 12(h)(2); it can also be raised at trial
- The substantive standard on a 12(c) motion for failure to state a claim is the same as 12(b)(6)
- Twombly/Iqbal plausibility: accept well-pleaded facts as true, disregard legal conclusions, ask whether the claim is plausible on its face
- Materials outside the pleadings convert the motion to summary judgment under Rule 12(d), subject to narrow exceptions for incorporation by reference and judicial notice","Advising that a 12(b)(6) motion can still be filed after the answer, or that the argument is waived.","Fed. R. Civ. P. 12(b)(6), 12(c), 12(d), 12(h)(2); Bell Atlantic v. Twombly, 550 U.S. 544 (2007); Ashcroft v. Iqbal, 556 U.S. 662 (2009)","Motion to dismiss under Rule 12(e) for failure to state a claim (if not earlier raised, waived) or motion for judgment on pleadings under Rule 12(c). Standard: complaint must plead facts raising plausible inference of liability.",,,,,,,
PRV-06,US - federal,Our public company had a ransomware incident on Monday. When is the 8-K due?,"- Item 1.05 of Form 8-K requires disclosure within four business days of determining that the incident is MATERIAL - not four business days from the incident itself
- The materiality determination must be made without unreasonable delay after discovery
- Disclosure covers the nature, scope and timing of the incident and its material impact or reasonably likely material impact; technical details that would impede remediation are not required
- Limited delay is available where the Attorney General determines disclosure poses a substantial risk to national security or public safety
- Item 106 of Regulation S-K requires annual disclosure of risk management, strategy and governance
- Item 1.05 is distinct from Item 8.01 voluntary disclosure, and Regulation FD and insider-trading controls apply in parallel",Answering four business days from the date of the incident or the date of discovery.,17 C.F.R. 229.106; Form 8-K Item 1.05; SEC Release No. 33-11216 (2023),Within four business days of the incident. Ransomware causing operational disruption or data loss is typically material under the magnitude-and-nature test. File the 8-K on the fourth business day.,,,,,,,
REA-02,US - general,The lender is asking for both an estoppel certificate and an SNDA from our tenant. Are these the same thing?,"- They serve different functions and are not interchangeable
- An estoppel certificate is a backward- and present-looking factual statement: lease is in effect, rent paid through a date, no defaults, no side agreements - and estops the tenant from later contradicting it
- An SNDA is a forward-looking three-party agreement: tenant subordinates its leasehold to the mortgage, agrees to attorn to a successor, and in exchange receives non-disturbance if it is not in default
- Non-disturbance is the tenant's principal protection; without it, a foreclosure can extinguish a subordinate lease
- Tenants should negotiate the non-disturbance terms and limit successor-landlord carve-outs for prior landlord defaults, offsets and security deposits
- Leases often obligate the tenant to deliver both within a fixed number of days",Treating the two documents as equivalent.,standard commercial real estate finance practice,"No. An estoppel certificate certifies lease terms, rent paid, and no defaults. An SNDA (subordination, non-disturbance, attornment) subordinates the lease to the lender's mortgage and protects the tenant if the lender forecloses. Different documents, different purposes.",,,,,,,
LIT-04,US - federal,"We were served with a state-court complaint 40 days ago. Diversity is complete, the amount exceeds $75,000, and one co-defendant is a citizen of the forum state. Can we remove?","- Removal notice is due within 30 days of service of the initial pleading under 28 U.S.C. 1446(b); at 40 days that window has run on the original pleading
- The forum-defendant rule in 1441(b)(2) bars removal on diversity grounds where any properly joined and served defendant is a citizen of the forum state
- All properly joined and served defendants must consent - the rule of unanimity
- A separate 30-day window can open if an amended pleading, motion, order or other paper first makes the case removable
- One-year outer limit on diversity removals under 1446(c)(1), subject to a bad-faith exception
- Fraudulent joinder is the narrow argument if the forum defendant has no viable claim against it","Overlooking either the expired 30-day clock or the forum-defendant rule, and answering yes.",28 U.S.C. 1441(b)(2); 28 U.S.C. 1446(b); 28 U.S.C. 1446(c)(1),No. Diversity is incomplete—one co-defendant is a forum state citizen. Removal requires complete diversity (all defendants different from all plaintiffs). Motion to remand will succeed.,,,,,,,
EMP-03,US - multi-state,Is employment in the United States always at-will?,"- At-will is the default in nearly every state but is not absolute
- Montana is the recognized exception, with a statute requiring good cause after a probationary period
- Common exceptions: public-policy tort, implied contract from handbooks or conduct, implied covenant of good faith in a minority of states
- Statutory overlays always apply: anti-discrimination, retaliation, NLRA protected concerted activity, WARN
- Union contracts and individual agreements can displace at-will",Stating flatly that all US employment is at-will with no exceptions.,Mont. Code Ann. 39-2-904 (Wrongful Discharge From Employment Act),"No. Employment in the United States is generally at-will, meaning either party can terminate without cause and without notice (except where required by statute). However, significant exceptions apply: (1) contracts specifying a term; (2) implied contracts based on employee handbooks or course of dealing; (3) public policy exceptions (jury duty, reporting safety violations, refusing illegal acts); (4) union agreements; (5) statutory protections (discrimination, retaliation, FMLA, WARN Act); and (6) state-specific exceptions (Montana requires ""good cause"" for private employers). Many states also recognize an implied covenant of good faith and fair dealing. At-will employment is the default rule, but exceptions are commonplace. Always review the applicable state law and employment agreements for potential restrictions on termination.",,,,,,,
CON-06,US - Delaware,"Our target is party to a license that says it may not be assigned, including by operation of law, without consent. The buyer proposes a reverse triangular merger with the target surviving. Does that trigger the anti-assignment clause under Delaware law?","- Delaware authority holds a reverse triangular merger is generally NOT an assignment by operation of law, because the target survives and its contracts remain its own
- Meso Scale Diagnostics v. Roche is the leading Delaware Chancery decision
- Result can differ where the clause expressly covers change of control or mergers, which is the standard drafting fix
- Forward mergers and forward triangular mergers are treated differently, since the contracting entity does not survive
- Governing law of the contract matters - other states, notably California in some patent-license contexts, have reached different results",Answering yes on the intuition that any merger is an assignment by operation of law.,"Meso Scale Diagnostics, LLC v. Roche Diagnostics GmbH, 62 A.3d 62 (Del. Ch. 2013); 8 Del. C. 259","No. Under Delaware law, a reverse triangular merger where the target survives doesn't trigger anti-assignment language. The license stays with the target entity. Only a forward merger or liquidation extinguishing the target triggers 'by operation of law' language.",,,,,,,
COR-01,US - Delaware,"What stockholder approval is required for a Delaware corporation to merge, and is there a way to close a public deal without a stockholder meeting?","- DGCL 251 requires board approval and a majority of outstanding shares entitled to vote, unless the charter requires more
- DGCL 251(h) permits a merger to close after a qualifying front-end tender or exchange offer without a separate stockholder vote
- 251(h) conditions: the offer must be for any and all shares, the merger must follow as soon as practicable, and the acquirer must reach the percentage that would be needed to approve the merger
- DGCL 253/267 short-form merger is available at 90% ownership
- Charter or stockholders agreement may impose higher thresholds or class votes","Stating only the 251 majority-of-outstanding rule and omitting the 251(h) route, or describing a majority of votes cast rather than outstanding.",8 Del. C. 251; 8 Del. C. 251(h); 8 Del. C. 253,"Under Delaware General Corporation Law § 251, a merger requires stockholder approval by each constituent corporation. However, Delaware permits a ""short-form merger"" under § 253 when a parent owns 90% or more of the subsidiary's stock—no vote is required. For an all-cash public deal, stockholder approval is essentially mandatory unless the parties already qualify for short-form merger status. Some deals use written consents in lieu of a stockholder meeting, but public companies face significant SEC compliance issues with this approach. The practical reality is that publicly-traded companies must hold a stockholder meeting or use a time-consuming written consent process. Alternative structures (e.g., triangular mergers) offer no circumvention of this requirement for public companies.",,,,,,,
EMP-02,US - California,"Can we enforce a one-year, 25-mile non-compete against a California-based employee if our employment agreement is governed by Texas law?","- California voids non-competes regardless of reasonableness under Business and Professions Code 16600
- Recent California legislation (SB 699 and AB 1076, effective 2024) extends this to contracts signed outside California and makes it unlawful to include or attempt to enforce a void non-compete
- Employees have a private right of action including attorney's fees, and employers faced a notice obligation to affected current and former employees
- Labor Code 925 restricts forcing a California employee into out-of-state law or forum for disputes arising in California
- Trade secrets remain protectable, and a narrowly drawn customer non-solicit is still risky in California","Applying a reasonableness / blue-pencil analysis, or assuming the Texas choice-of-law clause resolves it.","Cal. Bus. & Prof. Code 16600, 16600.5; Cal. Lab. Code 925; Edwards v. Arthur Andersen, 44 Cal. 4th 937 (2008)",No. California Public Code Section 16600 voids all non-competes regardless of choice of law. Texas choice of law doesn't override California public policy. The clause is unenforceable in any forum.,,,,,,,
EMP-01,US - federal + state,"We have a 'Marketing Manager' paid a $52,000 salary who supervises no one and spends most of her time executing campaigns. Is she exempt from overtime?","- Exemption requires both a salary-basis/salary-level test and a duties test; job title is irrelevant
- The federal salary level has changed repeatedly in recent years and is litigated - a responsible answer flags that the current figure must be checked against the DOL rule in force rather than asserting a number
- Duties described (no supervision, executing rather than setting policy) point away from the executive exemption and make the administrative exemption doubtful, since it requires discretion and independent judgment on matters of significance
- State law may impose a higher salary threshold - California and New York in particular - and the more protective standard governs
- Misclassification exposure: unpaid overtime, liquidated damages, and a two- or three-year FLSA lookback","Asserting a specific current federal salary threshold as settled, or resolving exempt status from the title alone.",29 U.S.C. 213(a)(1); 29 C.F.R. Part 541; state wage orders,"Under the Fair Labor Standards Act and most state wage-and-hour laws, exempt status depends on the ""duties test,"" not title or salary alone. A Marketing Manager executing campaigns with no supervisory authority almost certainly fails the ""executive"" exemption test (requiring management of employees or department). She might qualify for a ""creative professional"" exemption if her role involves substantial independent creative judgment, but this is fact-specific and rarely applies to campaign execution. At $52,000, salary may exceed current federal thresholds (currently $844/week), but thresholds continue rising. She is almost certainly non-exempt and entitled to overtime compensation. Misclassification exposes the company to back-pay liability, penalties, and attorney fees. Reclassify her immediately and audit similar positions.",,,,,,,
COR-04,US - Delaware,"Our buyer learned before signing that one of the seller's reps is inaccurate. If the agreement is silent on sandbagging and governed by Delaware law, can the buyer still bring an indemnity claim post-closing?","- Delaware is generally pro-sandbagging: reliance is usually not required for a contractual indemnity claim on a bargained-for representation
- Delaware Supreme Court has treated representations as bargained-for contractual terms rather than tort-like reliance claims
- Silence is not the same as an anti-sandbagging clause; an express anti-sandbagging provision changes the result
- Other states differ - New York case law has required a showing about the source of the buyer's knowledge
- Practical drafting response: express pro-sandbagging language, or a defined knowledge concept tied to named individuals","Stating that pre-closing knowledge always defeats the claim, i.e. inverting the Delaware default.","Cobalt Operating v. James Crystal Enterprises (Del. Ch. 2007); Eagle Force Holdings v. Campbell, 187 A.3d 1209 (Del. 2018) (dicta); CBS v. Ziff-Davis, 75 N.Y.2d 496 (1990) (NY contrast)","Yes. Delaware law permits sandbagging unless the agreement prohibits it. Pre-signing knowledge of a rep's inaccuracy doesn't bar the indemnity claim—that knowledge relates to the breach itself, not the right to recover.",,,,,,,
COR-05,US - federal,Our private portfolio company is being acquired and several executives have change-of-control payments. What is the 280G exposure and is there anything we can do about it?,"- IRC 280G applies to parachute payments to disqualified individuals contingent on a change of control
- Trigger is payments equal to or exceeding three times the individual's base amount (five-year average W-2 compensation); the excess over the base amount is then non-deductible to the company
- IRC 4999 imposes a 20% excise tax on the individual on the excess parachute payment
- Private companies can use the 280G shareholder-approval cleansing vote: adequate disclosure plus approval by more than 75% of the voting power entitled to vote, with the executive waiving the payment absent approval
- The cleansing vote is not available to publicly traded corporations
- Mitigation alternatives: reasonable-compensation allocation for services rendered or for a non-compete, and cutback provisions","Describing the 3x trigger but omitting that the tax falls on the excess over the base amount, or offering the shareholder vote to a public company.",IRC 280G; IRC 280G(b)(5); IRC 4999; Treas. Reg. 1.280G-1,"Section 280G imposes a 20% excise tax on executives receiving change-of-control payments exceeding 3x their base compensation plus average annual benefits (the ""3x trigger""). The company may also lose tax deductions for excess payments. For private company acquisitions, this is frequently overlooked but can be catastrophic. Mitigation strategies include: (1) obtaining written 280G gross-up waivers from executives, reducing their severance accordingly; (2) restructuring payments to remain below the 3x trigger; (3) timing payments post-closing; or (4) obtaining a fairness opinion supporting the severance as reasonable independent of the change. 280G calculations are complex; engage a specialized valuation firm immediately to assess exposure and model mitigation strategies.",,,,,,,
LIT-05,US - federal,Our client's auto-delete policy wiped a custodian's mailbox four months after the demand letter arrived. What sanctions are we exposed to?,"- Duty to preserve attaches when litigation is reasonably anticipated - the demand letter likely triggered it
- Rule 37(e) is the exclusive framework for lost ESI and displaced prior inherent-authority spoliation standards
- Threshold: ESI that should have been preserved was lost because reasonable steps were not taken and it cannot be restored or replaced through additional discovery
- 37(e)(1) - on a finding of prejudice, measures no greater than necessary to cure it
- 37(e)(2) - adverse-inference instruction, presumption, dismissal or default require a finding of INTENT to deprive; negligence or gross negligence is not enough
- Practical response: suspend auto-delete, document the hold, investigate backups and alternative sources",Stating that an adverse-inference instruction is available on a showing of negligence.,Fed. R. Civ. P. 37(e); 2015 Advisory Committee Notes to Rule 37(e),"This presents serious sanctions exposure under Fed. R. Civ. P. 37 and the court's inherent powers. An auto-delete policy destroying relevant documents after a demand letter is received constitutes spoliation or destruction of evidence, even if the policy predated the dispute. Courts typically impose sanctions ranging from adverse inference instructions (jury told destroyed evidence is deemed unfavorable to the destroyer) to default judgment. The key factor is whether destruction was done in bad faith or was merely negligent; destroying emails four months after demand is likely viewed as intentional or reckless. Possible sanctions include: adverse inferences, preclusion of evidence, attorney fees, default, or case dismissal. Consult litigation counsel immediately. Prospectively, suspend auto-delete policies and issue a litigation hold.",,,,,,,
LIT-06,US - federal,Our in-house counsel interviewed twelve employees about a compliance issue and sent a summary memo to the CFO. Is all of it privileged?,"- Upjohn extends the corporate privilege to communications with employees at any level where the communication is made at the direction of counsel to obtain legal advice and concerns matters within the employee's duties
- Underlying facts are never privileged; only the communications are
- Upjohn warnings should have been given - the privilege belongs to the company, not the individual employees, and the company may waive
- Business advice is not privileged; mixed memos require a primarily-legal-purpose analysis, and courts differ on 'primary purpose' vs 'a primary purpose'
- Interview notes and the memo may separately be attorney work product under Rule 26(b)(3), with near-absolute protection for opinion work product
- Disclosure to non-privileged recipients or use of the investigation as a defense can waive",Asserting blanket privilege over the entire investigation including the underlying facts.,"Upjohn Co. v. United States, 449 U.S. 383 (1981); Fed. R. Civ. P. 26(b)(3); In re Kellogg Brown & Root, 756 F.3d 754 (D.C. Cir. 2014)",Not all. Interview summaries and factual employee statements lack privilege. Only the attorney's legal advice and work product in the memo are protected. Factual portions and statements are discoverable.,,,,,,,
